scene,type,source,src_in,src_out,dur_s,timeline_at,content,flag
SC01,A-roll,Scene0,00:00.00,00:19.20,19.20,00:00.00,on the way to a recent new launch... should we be selling,
SC01,B-plate,Scene0a,00:08.00,00:14.00,6.00,00:19.20,MUTE - approach lane,
SC01,A-roll,Scene0,00:19.20,00:30.74,11.54,00:25.20,on the way to the unit at the continuum,
SC01,B-plate,Scene0a,00:52.00,00:58.00,6.00,00:36.74,MUTE - cranes,
SC01,A-roll,Scene0,00:30.74,00:35.66,4.92,00:42.74,holding this freehold or selling it - see you on site,
SC02,A-roll,Scene1,00:08.10,00:16.40,8.30,00:47.66,Behind me is a property I own... finishing touches,
SC02,A-roll,Scene1,00:17.14,00:29.64,12.50,00:55.96,"in 2023 they told me I overpaid $2,650 psf",
SC03,A-roll,Scene1,01:00.24,01:04.40,4.16,01:08.46,"RETAKE 2 - unproven, expensive, wait for it to drop",
SC03,A-roll,Scene1,01:04.80,01:09.60,4.80,01:12.62,"RETAKE 2 - back on site to decide, whether to sell it",
SC04,A-roll,Scene1,01:15.16,01:28.60,13.44,01:17.42,not the only launch - Parc Clematis 1.15 to 1.525,
SC04,A-roll,Scene1,01:36.74,01:42.30,5.56,01:30.86,"just sold that, hunting 2.5 to 2.8 next",
SC04,A-roll,Scene1,01:48.52,01:57.30,8.78,01:36.42,"real purchase price, real loan, real proceeds",
SC04,A-roll,Scene1,02:05.52,02:14.30,8.78,01:45.20,"projects compared one by one - sell now, later or hold",
SC04,A-roll,Scene1,02:26.07,02:28.60,2.53,01:53.98,RETAKE 2 - exact conditions that trigger it,
SC04,A-roll,Scene1,02:35.14,02:48.40,13.26,01:56.51,"2 and 3 bed showflat, 3 MRT, 3 primary schools",
SC04,A-roll,Scene1,02:54.32,02:55.50,1.18,02:09.77,"Come, let's do this",
SC05,A-roll,Scene2,00:14.60,00:30.80,16.20,02:10.95,"I'm Coach Edmund, REI Method, subscribe, QR",
SC06,A-roll,Scene2a,00:11.12,00:20.12,9.00,02:27.15,"started watching 2021, land sold 815 million",
SC06,A-roll,Scene2a,00:30.94,00:41.24,10.30,02:36.15,"freehold D15, $1,488 psf ppr, largest land deal",
SC06,A-roll,Scene2a,00:50.40,01:03.30,12.90,02:46.45,"en-bloc not GLS, no more freehold land, rare",
SC07,A-roll,Scene2a,01:15.08,01:24.20,9.12,02:59.35,"5 bungalows 10 semi-Ds, one kept as clubhouse",
SC07,A-roll,Scene2a,01:24.88,01:30.70,5.82,03:08.47,I chose the premium block overseeing the clubhouse,
SC07,A-roll,Scene2a,01:38.66,01:45.20,6.54,03:14.29,"why - further line of sight, not facing the neighbour",
SC08,A-roll,Scene2a,01:53.02,02:08.20,15.18,03:20.83,"I know this area, grew up here, Haig Road, grandma's",
SC08,A-roll,Scene2a,02:08.59,02:24.10,15.51,03:36.01,"CC basketball, drive from Esso, the bungalows",
SC08,A-roll,Scene2a,02:49.72,03:06.80,17.08,03:51.52,"RETAKE 2 - grandma, prata, soya bean, wet market",
SC08,A-roll,Scene2a,03:00.26,03:06.80,6.54,04:08.60,"memories, property still there, grandma no longer around",
SC08,A-roll,Scene2a,03:07.36,03:14.50,7.14,04:15.14,"how much this place changed - MRT, Kinex, Paya Lebar",
SC08,A-roll,Scene2a,03:22.01,03:32.50,10.49,04:22.28,"short legs, now under 7 minutes to amenities",
SC08,A-roll,Scene2a,03:41.80,03:46.20,4.40,04:32.77,Tanjong Katong 2 bus stops away,
SC08,A-roll,Scene2a,03:50.10,04:07.80,17.70,04:37.17,"less busy than Katong/Amber, everything in 10 min",
SC09,A-roll,Scene2b,00:01.55,00:12.10,10.55,04:54.87,"launch day May 2023, first weekend 26.5% sold",
SC10,A-roll,Scene2b,00:12.60,00:24.40,11.80,05:05.42,"market called it expensive, 99y launched $2,465",
SC10,A-roll,Scene2b,00:32.98,00:38.00,5.02,05:17.22,here's the math the crowd missed,
SC10,A-roll,Scene2b,00:45.19,00:52.70,7.51,05:22.24,"FLAG - says 15% to 20%, script now says 25%",number-conflict
SC10,A-roll,Scene2b,01:00.51,01:06.50,5.99,05:29.75,"argument that the 99y is Tanjong Katong, more prime",
SC10,A-roll,Scene2b,01:17.19,01:25.00,7.81,05:35.74,two bus stops - does that justify it? comment below,
SC10,A-roll,Scene2b,01:32.19,01:47.95,15.76,05:43.55,"D15 always freehold, 99y only recently, no more FH land",
SC10,A-roll,Scene2b,02:00.11,02:06.10,5.99,05:59.31,"FLAG - says 6% more only, script now says 14% / 8.9%",number-conflict
SC10,A-roll,Scene2b,02:15.33,02:32.50,17.17,06:05.30,"everyone saw expensive, research said underpriced; bought 3-bed 1087sf $2,650",
SC10,A-roll,Scene2b,02:47.59,03:05.70,18.11,06:22.47,different reasons to own; later we go to the showflat,
SC10,A-roll,Scene2b,03:19.02,03:36.76,17.74,06:40.58,,
SC10,A-roll,Scene2b,03:37.65,03:39.77,2.12,06:58.32,,
SC10,A-roll,Scene2b,03:40.73,03:43.70,2.97,07:00.44,"second opinion CTA, scan the QR",
SC12,A-roll,Scene3,00:07.04,01:10.60,63.56,07:03.41,"my exact unit type, 1087sf, 3m ceiling, the glass window panel",
SC13,A-roll,Scene3a,00:00.00,00:41.00,41.00,08:06.97,three reasons: FH at LH price / 3-bed family district / next buyer can afford,
SC14,A-roll,Scene3a,00:41.00,01:42.50,61.50,08:47.97,"the $120k lesson, per-floor jump, factors 1 and 2",
SC14,A-roll,Scene3a,01:44.24,02:30.50,46.26,09:49.47,"factor 3 fengshui, the fun fact, comment prompt",
SC14,A-roll,Scene3a,02:30.64,02:45.30,14.66,10:35.73,2nd Property Ladder CTA + QR,
SC15,A-roll,Scene3b,00:03.25,00:30.72,27.47,10:50.39,,
SC15,A-roll,Scene3b,00:32.01,01:10.81,38.80,11:17.86,,
SC15,A-roll,Scene3b,01:13.28,02:02.17,48.89,11:56.66,,
SC15,A-roll,Scene3b,02:05.17,02:11.37,6.20,12:45.55,,
SC15,A-roll,Scene3b,02:12.69,02:19.93,7.24,12:51.75,,
SC15,A-roll,Scene3b,02:22.71,02:38.50,15.79,12:58.99,"open the books, BSD, scenarios A and B, cannot predict, kiasu",
SC15,A-roll,Scene3b,02:42.05,03:09.80,27.75,13:14.78,"five checks, Scenario C, continue watching",
SC16,A-roll,Scene4,00:06.79,00:16.85,10.06,13:42.53,,
SC16,A-roll,Scene4,00:24.70,00:45.50,20.80,13:52.59,,
SC16,A-roll,Scene4,00:51.48,01:13.48,22.00,14:13.39,,
SC16,A-roll,Scene4,01:24.32,01:32.44,8.12,14:35.39,,
SC16,A-roll,Scene4,01:40.49,02:04.01,23.52,14:43.51,,
SC16,A-roll,Scene4,02:07.52,02:21.66,14.14,15:07.03,,
SC16,A-roll,Scene4,02:24.59,02:38.60,14.01,15:21.17,"Tembusu, Grand Dunman, Emerald - three launches after mine",
SC17,A-roll,Scene4,02:49.56,02:54.36,4.80,15:35.18,,
SC17,A-roll,Scene4,03:02.19,03:06.95,4.76,15:39.98,,
SC17,A-roll,Scene4,03:10.60,03:26.58,15.98,15:44.74,,
SC17,A-roll,Scene4,03:30.76,03:41.08,10.32,16:00.72,,
SC17,A-roll,Scene4,03:46.14,04:02.84,16.70,16:11.04,,
SC17,A-roll,Scene4,04:15.82,04:20.64,4.82,16:27.74,,
SC17,A-roll,Scene4,04:27.37,04:34.55,7.18,16:32.56,,
SC17,A-roll,Scene4,04:44.62,04:53.36,8.74,16:39.74,,
SC17,A-roll,Scene4,05:03.70,05:12.12,8.42,16:48.48,,
SC17,A-roll,Scene4,05:24.96,05:31.18,6.22,16:56.90,,
SC17,A-roll,Scene4,05:37.37,05:41.85,4.48,17:03.12,,
SC17,A-roll,Scene4,05:48.60,05:55.80,7.20,17:07.60,"unit vs unit, both-sides tenure debate, buying an exit",
SC17,A-roll,Scene4,06:05.73,06:07.73,2.00,17:14.80,,
SC17,A-roll,Scene4,06:12.66,06:24.78,12.12,17:16.80,,
SC17,A-roll,Scene4,06:28.70,06:31.40,2.70,17:28.92,or the buyer after that; widest buyer pool; safety margin,
SC18,A-roll,Scene4a,00:02.83,00:12.17,9.34,17:31.62,,
SC18,A-roll,Scene4a,00:20.55,00:25.47,4.92,17:40.96,,
SC18,A-roll,Scene4a,00:28.25,00:34.29,6.04,17:45.88,,
SC18,A-roll,Scene4a,00:35.78,01:01.28,25.50,17:51.92,,
SC18,A-roll,Scene4a,01:05.64,01:15.44,9.80,18:17.42,,
SC18,A-roll,Scene4a,01:23.64,01:31.44,7.80,18:27.22,,
SC18,A-roll,Scene4a,01:38.57,01:54.21,15.64,18:35.02,,
SC18,A-roll,Scene4a,01:59.51,02:34.17,34.66,18:50.66,,
SC18,A-roll,Scene4a,02:44.32,04:06.01,81.69,19:25.32,,
SC18,A-roll,Scene4a,04:13.14,04:18.66,5.52,20:47.01,,
SC18,A-roll,Scene4a,04:26.34,04:33.04,6.70,20:52.53,,
SC18,A-roll,Scene4a,04:37.37,04:52.52,15.15,20:59.23,,
SC18,A-roll,Scene4a,05:01.81,05:13.40,11.59,21:14.38,"completion calendar, the flood isn't happening, 3-bed stock, three reasons",
SC19,A-roll,Scene4b,00:01.10,00:07.30,6.20,21:25.97,,
SC19,A-roll,Scene4b,00:10.54,00:14.12,3.58,21:32.17,,
SC19,A-roll,Scene4b,00:17.44,00:28.97,11.53,21:35.75,,
SC19,A-roll,Scene4b,00:33.40,00:38.64,5.24,21:47.28,,
SC19,A-roll,Scene4b,00:39.72,00:40.02,0.30,21:52.52,don't sell at all; Amber Park and Tembusu rents,
SC19,VO-PATCH,VO,00:00.00,00:04.00,4.00,21:52.82,[rent figure] a month,figure never spoken on either take
SC19,A-roll,Scene4b,00:52.52,00:56.22,3.70,21:56.82,,
SC19,A-roll,Scene4b,00:59.53,01:05.57,6.04,22:00.52,,
SC19,A-roll,Scene4b,01:12.51,01:47.40,34.89,22:06.56,sounds decent until the mortgage; net is thin; capital locked,
SC20,A-roll,Scene4b,01:47.40,01:55.98,8.58,22:41.45,,
SC20,A-roll,Scene4b,01:58.92,02:12.24,13.32,22:50.03,,
SC20,A-roll,Scene4b,02:17.14,02:21.00,3.86,23:03.35,never the destination; NAV toward $5-7m; destination or next move?,
SC20,A-roll,Scene4b,02:27.17,02:52.49,25.32,23:07.21,,
SC20,A-roll,Scene4b,02:59.68,03:01.00,1.32,23:32.53,"not theory - Tre Ver 1.05 to 1.28, Parc Clematis 1.15 to 1.525, +375k",
SC20,A-roll,Scene4b,02:59.98,03:10.96,10.98,23:33.85,,
SC20,A-roll,Scene4b,03:18.65,03:26.57,7.92,23:44.83,,
SC20,A-roll,Scene4b,03:32.44,03:35.90,3.46,23:52.75,the waiting is uncomfortable; move forward to re-enter,
SC20,A-roll,Scene4b,04:01.98,04:06.24,4.26,23:56.21,"same process we run with clients, both directions",
SC21,A-roll,Scene4c,00:00.88,00:14.34,13.46,24:00.47,,
SC21,A-roll,Scene4c,00:24.86,00:34.40,9.54,24:13.93,,
SC21,A-roll,Scene4c,00:38.86,00:55.00,16.14,24:23.47,four things nobody controls; over-prepare; map 3 moves; 90% filter,
SC21,A-roll,Scene4c,00:58.36,01:01.32,2.96,24:39.61,,
SC21,A-roll,Scene4c,01:07.86,01:19.24,11.38,24:42.57,,
SC21,A-roll,Scene4c,01:29.81,01:39.05,9.24,24:53.95,,
SC21,A-roll,Scene4c,01:49.53,01:55.60,6.07,25:03.19,walk-away price in writing; recompute live; not to transact,
SC22,A-roll,Scene4c,02:06.34,02:14.44,8.10,25:09.26,,
SC22,A-roll,Scene4c,02:20.11,02:23.05,2.94,25:17.36,,
SC22,A-roll,Scene4c,02:32.59,02:46.41,13.82,25:20.30,,
SC22,A-roll,Scene4c,02:54.91,03:00.79,5.88,25:34.12,,
SC22,A-roll,Scene4c,03:04.69,03:25.31,20.62,25:40.00,,
SC22,A-roll,Scene4c,03:31.68,03:40.58,8.90,26:00.62,,
SC22,A-roll,Scene4c,03:44.19,03:49.60,5.41,26:09.52,my answer; four buyer reasons; prepared exit not panic sell,
SC23,A-roll,Scene4c,03:58.22,04:18.62,20.40,26:14.93,,
SC23,A-roll,Scene4c,04:28.27,04:37.37,9.10,26:35.33,,
SC23,A-roll,Scene4c,04:48.67,04:56.23,7.56,26:44.43,,
SC23,A-roll,Scene4c,05:04.60,05:10.42,5.82,26:51.99,,
SC23,A-roll,Scene4c,05:14.11,05:19.70,5.59,26:57.81,save this video; next video tease; 2nd Property Ladder CTA,
