funnel,asset_id,criterion,current_state,score_1_5,issue,recommendation,priority,owner,status
Legacy Launch (old),4W2JREPZkCv6GQknDUOQ,Offer clarity,Confirmed live per brief; no research report captured its actual page copy or offer wording,1,Cannot assess offer messaging without a live content audit,Export/screenshot every page plus GHL page-builder JSON before any keep/sunset decision is made,P0,Ops/Edmund (GHL Admin),Blocked - VERIFY
Legacy Launch (old),4W2JREPZkCv6GQknDUOQ,Audience clarity,Targeting/ad-set data not captured in research,1,No visibility into which audience segments currently feed this funnel,Pull the connected ad account's active campaigns/ad sets targeting this funnel before deciding to sunset,P0,Ops/Edmund (GHL Admin),Blocked - VERIFY
Legacy Launch (old),4W2JREPZkCv6GQknDUOQ,Category alignment,"Predates the 8-9 July 2026 Mechanism v1.3 and CategoryKing docs; almost certainly pre-SPL, likely pre-New Launch Ladder vocabulary too",2,"Likely uses an older, unaudited vocabulary generation; unknown how far it drifts from even New Launch Ladder terms",Audit against Mechanism v1.3 for reference only; do NOT rename live copy yet per D5 sequencing rule,P2,Copywriter/Edmund,Blocked - VERIFY
Legacy Launch (old),4W2JREPZkCv6GQknDUOQ,Search visibility,Domain/subdomain hosting this funnel not confirmed anywhere in the research set,1,Unknown whether this funnel sits on an indexed custom domain or an unindexed GHL default subdomain,Run a site: search and Search Console check on any domain suspected of hosting this funnel,P1,Ops/Edmund (GHL Admin),Blocked - VERIFY
Legacy Launch (old),4W2JREPZkCv6GQknDUOQ,AEO readiness,"Unknown content depth; presumed a short persuasion funnel, not an answer-complete resource",1,Cannot evaluate without a live audit,Defer AEO scoring until live audit completes; do not invest AEO effort into this asset before the sunset decision is made,P2,Ops/Edmund (GHL Admin),Blocked - VERIFY
Legacy Launch (old),4W2JREPZkCv6GQknDUOQ,Proof strength,Unknown which proof stats/case studies this funnel currently displays,1,No visibility into whether displayed figures match or predate the current [VERIFY] claims bank,Capture all displayed proof claims during the live audit and cross-check against the approved claims bank,P1,Copywriter/Edmund,Blocked - VERIFY
Legacy Launch (old),4W2JREPZkCv6GQknDUOQ,CTA strength,Unknown CTA copy and offer name used on this funnel,1,Cannot assess without live audit,Capture CTA button copy during live audit; compare against the CTA Library standard set,P2,Copywriter/Edmund,Blocked - VERIFY
Legacy Launch (old),4W2JREPZkCv6GQknDUOQ,Form fields,Unknown which fields this funnel's form captures,1,No visibility into whether this is an earlier iteration of the V2 qualify form or a different structure entirely,Export the connected form's field schema from GHL during the live audit,P1,Ops/Edmund (GHL Admin),Blocked - VERIFY
Legacy Launch (old),4W2JREPZkCv6GQknDUOQ,Qualification logic,Unknown whether any gating/branching logic exists on this funnel,1,Cannot assess without live audit,Capture qualification copy and any conditional logic during the live audit,P2,Ops/Edmund (GHL Admin),Blocked - VERIFY
Legacy Launch (old),4W2JREPZkCv6GQknDUOQ,CRM handoff,"Presumed functioning at some basic level since the funnel is live and generating leads today, but no confirmed workflow mapping exists in research",2,Unclear whether leads from this funnel are tagged/segmented separately from Changi Green contacts in the same sub-account,Pull the attached workflow and tag list from GHL; confirm no cross-contamination with cg_* Changi Green records,P0,Ops/Edmund (GHL Admin),Blocked - VERIFY
Legacy Launch (old),4W2JREPZkCv6GQknDUOQ,Tracking,Unknown pixel/GA4/UTM setup on this funnel,1,Cannot assess ad spend efficiency or attribution accuracy without a tracking audit,Confirm Meta Pixel/Conversions API and UTM capture during the live audit,P1,Ops/Edmund (GHL Admin),Blocked - VERIFY
Legacy Launch (old),4W2JREPZkCv6GQknDUOQ,Retargeting,Unknown whether any custom audience is currently built from this funnel's traffic,1,Cannot assess without tracking audit,Defer until tracking audit (row above) is complete,P2,Ops/Edmund (GHL Admin),Blocked - VERIFY
Legacy Launch (old),4W2JREPZkCv6GQknDUOQ,Follow-up sequence,"Presumed some automation exists since this is the revenue-generating live asset, but not confirmed",2,No documented workflow found in research for this specific funnel,Export the attached workflow(s) during the live audit; compare cadence against the Follow-Up Sequence Strategy skeleton below,P1,Ops/Edmund (GHL Admin),Blocked - VERIFY
Legacy Launch (old),4W2JREPZkCv6GQknDUOQ,Compliance/disclaimer,"Unverified; V2 (built later, by the same team) is missing the CEA block, so the older funnel is very likely missing it too",1,"High probability of the same CEA-licence-number omission and PDPA entity-naming issues found on V2, on a funnel that is actively live and collecting personal data today","Treat as urgent: audit compliance blocks on this funnel within days, not as part of a later phase, since it is actively running",P0,Compliance/PropNex Liaison,Blocked - VERIFY
Legacy Launch (old),4W2JREPZkCv6GQknDUOQ,Domain placement,Unknown which domain or subdomain currently hosts this funnel,1,Cannot plan a redirect/retirement strategy without knowing the current domain and its traffic/backlink profile,Identify hosting domain; check Search Console/backlinks before any 301 or sunset action (per Master Brief Q6 and Q8),P0,Ops/Edmund (GHL Admin),Blocked - VERIFY
Legacy Launch V2,ILuFW2Qv6l9UIXk6lUIM,Offer clarity,"Single clear free offer: 1-hour New Launch Strategy Call, by application, H1 'We Disqualify 90% of New Launches - So You Buy the One You Can Actually Exit'",4,Offer has no explicit bridge to the master offer ladder's universal CTA (Position Map session); reads as a standalone campaign offer,Add one bridge subhead: 'Also known as your Position Map session' without renaming the CTA button (light-touch fix per D5),P2,Copywriter/Edmund,Open - Pre-Launch
Legacy Launch V2,ILuFW2Qv6l9UIXk6lUIM,Audience clarity,Stated buyer threshold is Singapore buyers with $1M+ moving in 3-6 months,2,"Threshold is materially below the Mechanism v1.3 hard filter ($20k+/month household income, $2.5m+ property capacity); dilutes top-of-funnel quality and likely drives the 90%-disqualification outcome as a symptom of over-broad entry rather than a deliberate feature",Raise stated audience language toward the true filter (e.g. 'built for established Property Climbers planning a $2.5M+ next move') and tighten ad targeting to match,P1,Copywriter/Edmund,Open - Pre-Launch
Legacy Launch V2,ILuFW2Qv6l9UIXk6lUIM,Category alignment,"Uses New Launch Ladder(TM) throughout; no Second Property Ladder(TM) or Exit Before Entry(TM) terms; contains the flagged risk line 'This is advisory, not agency'",2,"Acceptable short-term per D1/D5 (New Launch Ladder is the sanctioned campaign application of SPL) but zero bridge language currently ties it to the master category, so a visitor has no path to the bigger system",Add one bridge line: 'New Launch Ladder(TM) is the new-launch application of The Second Property Ladder(TM)' in the eyebrow or footer; do not rename the H1 or reels yet,P1,Copywriter/Edmund,Open - Pre-Launch
Legacy Launch V2,ILuFW2Qv6l9UIXk6lUIM,Search visibility,No domain attached at all; page presumably lives on an unindexable default GHL URL,1,Zero search presence; cannot rank or be cited by AEO engines; no bridge page exists per D3,Attach legacylaunch.com.sg now; set funnel pages noindex; build one indexable bridge page canonical to the thereimethod.com category hub,P0,Ops/Edmund (GHL Admin),Open - Pre-Launch
Legacy Launch V2,ILuFW2Qv6l9UIXk6lUIM,AEO readiness,"No bridge page, no schema, no citable content depth; the funnel is a persuasion page, not an answer-complete resource",1,Fails D8's no-doorway-page standard by omission since no bridge exists yet,"Build the bridge page in the same sprint as the domain attach, not as a later add-on",P1,Ops/Edmund (GHL Admin),Open - Pre-Launch
Legacy Launch V2,ILuFW2Qv6l9UIXk6lUIM,Proof strength,"Strong stat block: $160,014,029 collectively invested; 100+ buyers guided; 90% of projects disqualified; 600+ videos/2,000+ subscribers - all flagged [VERIFY]",3,"Precision figures (especially the exact $160,014,029) read as audited fact but are unverified; legal/reputational exposure if published unconfirmed","Verify all four stats against records before go-live; if unverifiable, round/soften ('$160M+') or remove until confirmed",P0,Founder (Edmund/Cindior),Open - Pre-Launch
Legacy Launch V2,ILuFW2Qv6l9UIXk6lUIM,CTA strength,"Two clear sequential CTAs: 'Check If You Qualify' then 'Request My Strategy Call', consistent with by-application framing",4,'Request My Strategy Call' undersells the qualification tension established by 'Check If You Qualify' - a request reads soft after being told you must qualify,Consider 'Submit My Application' for the second-step button to preserve by-application tension; not urgent,P2,Copywriter/Edmund,Open - Pre-Launch
Legacy Launch V2,ILuFW2Qv6l9UIXk6lUIM,Form fields,"Form 'Legacy Launch V2 - Qualify' (cw6XigpSZy8OCZgtDC34) captures name/email/mobile, buying timeline, current property type and consent; no income or capacity field anywhere",2,"Form cannot actually evaluate the Mechanism v1.3 buyer filter (income $20k+/mo, capacity $2.5m+) pre-call, so the H1 claim of disqualifying 90% is not backed by form-level qualification - real screening is happening live on the call, wasting advisor time on unqualified bookings. Friction trade-off assessed: an exact income question is high-friction for a cold, first-touch, culturally income-sensitive Singapore form and risks suppressing conversion; a banded multiple-choice field is a single tap and adds negligible friction versus the qualification value returned",Add one banded income-range field (e.g. $20k+/mo / $10-20k/mo / under $10k/mo / prefer not to say) and repurpose the existing unused GHL field next_budget as a banded capacity-proxy select on this same form - do not build new fields or ask for exact dollar figures,P1,Ops/Edmund (GHL Admin),Open - Pre-Launch
Legacy Launch V2,ILuFW2Qv6l9UIXk6lUIM,Qualification logic,Qualification is copy-only ('for you / not for you' lists) plus presumed live triage on the call; no conditional branching or auto-decline path in the form itself,2,Every submission proceeds straight to the same booking calendar regardless of fit; no soft-decline path protects advisor time,"Add conditional logic: if current property = first-time buyer AND timeline = just exploring, route to a nurture thank-you page instead of the booking calendar",P1,Ops/Edmund (GHL Admin),Open - Pre-Launch
Legacy Launch V2,ILuFW2Qv6l9UIXk6lUIM,CRM handoff,"Form exists and presumably lands contacts in the 1-To-1 Pipeline New Lead stage by GHL default; no confirmed workflow advances the contact through Responded, Booked Call, Appointment, Strategy Session as they move through the funnel",2,"No verified automation moves a contact between pipeline stages as they book/attend, creating pipeline reporting drift and manual-update dependency",Build one workflow: form submit sets tag llv2-lead and stage New Lead; calendar booking event auto-moves to Booked Call; call outcome (manual field or calendar status) advances to Appointment / Strategy Session / Won / Lost / Nurture / Unqualified,P1,Ops/Edmund (GHL Admin),Open - Pre-Launch
Legacy Launch V2,ILuFW2Qv6l9UIXk6lUIM,Tracking,No pixels found in the funnel files per Report 3; no confirmed Meta Pixel/Conversions API or GA4; existing utm_source/ad_id/campaign_id/click_id fields are unused without an active pixel,1,Cannot optimise ad spend or build any retargeting audience without conversion tracking,Install Meta Pixel + Conversions API and GA4 on the funnel domain before sending paid traffic; map UTM hidden fields to the existing utm_source/campaign_id/ad_id custom fields,P0,Ops/Edmund (GHL Admin),Open - Pre-Launch
Legacy Launch V2,ILuFW2Qv6l9UIXk6lUIM,Retargeting,None exists; blocked entirely on the missing tracking above,1,"Every non-converting reel view or funnel visit is currently a fully cold, unrecoverable impression","Once the pixel is live, build a Meta custom audience of all /strategy-call visitors who did not submit the form, for a warm retargeting sequence",P1,Ops/Edmund (GHL Admin),Open - Pre-Launch
Legacy Launch V2,ILuFW2Qv6l9UIXk6lUIM,Follow-up sequence,"No follow-up workflow found for leads who submit but do not book, or book but do not attend",1,Captured leads with no immediate booking have no nurture path back into the funnel - likely lead leakage,Build WhatsApp+email day-0/1/3/7 sequence gated by lead grade once qualification logic (row above) exists; see Follow-Up Sequence Strategy section,P1,Ops/Edmund (GHL Admin),Open - Pre-Launch
Legacy Launch V2,ILuFW2Qv6l9UIXk6lUIM,Compliance/disclaimer,"Has a disclaimer and a PDPA consent line, but no CEA licence number or registered salesperson name anywhere; contains the flagged risk line 'This is advisory, not agency'; PDPA consent names Legacy Launch as the collecting entity while the footer copyright names Singapore Real Estate Insider - two different non-legal-entity names, neither the founders'/REI Method's registered name",1,"Three compliance defects stacked on one page: missing CEA block, a compliance-risk positioning line, and an entity-name mismatch in the PDPA consent versus footer - highest-priority fix in the entire audit","(1) Add the CEA-mandated block (registered name(s), CEA reg no.(s), PropNex licence no.) [VERIFY exact numbers per Master Brief Q1]; (2) replace 'This is advisory, not agency' with 'Advisory-first. We plan the sequence before any transaction.' per D7; (3) unify consent and footer to name The REI Method (or Coach Edmund Tan & Cindior Ho, trading as The REI Method) as the data controller, keeping Legacy Launch as campaign name only and Singapore Real Estate Insider as media-brand mention only",P0,Compliance/PropNex Liaison,Open - Pre-Launch
Legacy Launch V2,ILuFW2Qv6l9UIXk6lUIM,Domain placement,"No domain attached; internal guide already suggests legacylaunch.com.sg, matching D3",2,Right target already identified; execution pending - this is the single biggest unblocking action for the whole funnel,Attach legacylaunch.com.sg now; this is the top First-5-Actions item since the user has directed V2 to ship first,P0,Ops/Edmund (GHL Admin),Open - Pre-Launch
Which Step Are You On? Diagnostic,NOT_BUILT-spl_diagnostic,Offer clarity,"Extremely well-specified on paper: 14-question gamified scored diagnostic, hook 'Start the Climb', result reveal 'Reveal My Step!'",4,"Not yet a live offer; clarity exists only in spec form, unvalidated with real users",Build MVP and user-test the flow before mass ad spend directs traffic to it,P1,Founder (Edmund/Cindior),Not Started
Which Step Are You On? Diagnostic,NOT_BUILT-spl_diagnostic,Audience clarity,Spec encodes the Mechanism v1.3 buyer filter via 4 silent Gates (G1-G4) feeding lead grades A/B/P/C,4,Exact Gate question wording not yet confirmed as matching income/capacity/ownership/age filter precisely,Confirm G1-G4 wording encodes the hard filter exactly as locked in Mechanism v1.3 before build; do not soften during build,P1,Founder (Edmund/Cindior),Not Started
Which Step Are You On? Diagnostic,NOT_BUILT-spl_diagnostic,Category alignment,"The only asset in the ecosystem using full locked SPL vocabulary by design (Steps, Position Map, Direction Statement, Move Sequence, Selection Research, Climb Cadence)",5,None - highest category-alignment asset possible; risk is only in execution if a no-code builder substitutes generic quiz-tool language,"Build from the clean Diagnostic build doc v1.0, not the corrupted BUILD_PROMPT file; protect vocabulary purity during build QA",P0,Dev/No-Code Builder,Not Started
Which Step Are You On? Diagnostic,NOT_BUILT-spl_diagnostic,Search visibility,"Zero, not built; domain secondpropertyladder.com already owned and earmarked per D3",1,None yet - correctly planned as noindexed funnel with one indexable bridge page,"Build the bridge page in the same sprint as the diagnostic engine, not as a later add-on",P1,Ops/Edmund (GHL Admin),Not Started
Which Step Are You On? Diagnostic,NOT_BUILT-spl_diagnostic,AEO readiness,"Strongest planned AEO asset in the ecosystem - a genuinely interactive, answer-complete tool rather than a doorway page",4,Needs the bridge page plus eligible structured data to actually earn citations; none exists yet,Pair with the 04 and 05 docs for bridge-page schema spec; do not launch without the bridge page,P1,Ops/Edmund (GHL Admin),Not Started
Which Step Are You On? Diagnostic,NOT_BUILT-spl_diagnostic,Proof strength,"Spec does not yet embed founder proof assets (Tre Ver/Parc Clematis stats, 'We built it before we advised it') into result-reveal screens",2,Risk of shipping a mechanically strong diagnostic that under-leverages proof at the moment of highest attention,"Add one proof stat plus one video thumbnail into every result-reveal screen, keyed to the buyer's Step result",P2,Copywriter/Edmund,Not Started
Which Step Are You On? Diagnostic,NOT_BUILT-spl_diagnostic,CTA strength,"'Start the Climb' and 'Reveal My Step!' are strong, on-brand, gamified CTAs already spec'd",4,Terminal CTA after result reveal not fully specified - must resolve into the Position Map session booking and this hand-off copy is not yet written,Spec and write the post-result CTA explicitly as 'Book Your Position Map Session' tied to lead-grade branching,P1,Copywriter/Edmund,Not Started
Which Step Are You On? Diagnostic,NOT_BUILT-spl_diagnostic,Form fields,Contact-capture step exists in spec (capture_viewed/capture_submitted events named) but exact fields beyond name/contact not detailed,3,Unclear if an explicit WhatsApp-capable mobile field and PDPA consent checkbox are specified,"Confirm contact capture includes name, email, WhatsApp-capable mobile, and an explicit PDPA consent checkbox with the corrected entity name",P1,Dev/No-Code Builder,Not Started
Which Step Are You On? Diagnostic,NOT_BUILT-spl_diagnostic,Qualification logic,"Strongest qualification logic in the ecosystem by design: 4 silent Gates plus 10 scored Checkpoints producing Step result (1-6), Readiness Band, and Lead Grade (A/B/P/C)",5,"None conceptually; execution risk only, since scoring thresholds must be tuned post-launch against real conversion data",Instrument all 9 named analytics events from day one to enable threshold tuning after launch,P1,Dev/No-Code Builder,Not Started
Which Step Are You On? Diagnostic,NOT_BUILT-spl_diagnostic,CRM handoff,Hard blocker: none of the required spl_* custom fields exist in GHL yet (verified - no spl_* fields exist),1,The diagnostic cannot go live without its CRM fields; lead grade/step/band data has nowhere to land and the single master workflow spec'd in Report 1 cannot be built,"Create the full spl_* field set now (spl_step_result, spl_total_score, spl_band, spl_lead_grade, spl_gate_g1-g4, spl_c1-spl_c10) as a prerequisite task, independent of and before the diagnostic UI build",P0,Ops/Edmund (GHL Admin),Not Started
Which Step Are You On? Diagnostic,NOT_BUILT-spl_diagnostic,Tracking,"9 analytics events already named/spec'd (quiz_start, question_answered, levelup_viewed, capture_viewed, capture_submitted, analysis_started, result_viewed, cta_clicked, share_clicked)",4,"Needs a GA4/Meta Pixel binding plan and a decision on the single webhook target (GHL native workflow webhook per spec, not Make.com, to avoid a second point of failure)",Confirm GHL workflow webhook as the single scoring payload target; wire GA4 events in parallel during build,P1,Dev/No-Code Builder,Not Started
Which Step Are You On? Diagnostic,NOT_BUILT-spl_diagnostic,Retargeting,None yet; but the multi-step quiz structure is naturally suited to funnel-stage retargeting,2,No plan yet documented for a quiz-abandoners retargeting audience,Build a Meta custom audience of quiz_start without result_viewed once the pixel is live - a high-value warm segment,P2,Ops/Edmund (GHL Admin),Not Started
Which Step Are You On? Diagnostic,NOT_BUILT-spl_diagnostic,Follow-up sequence,Not built; lead grades A/B/P/C are the correct skeleton for grade-based follow-up but no sequence content or timing written yet,1,"Pure build gap, no conceptual issue","Write and load the 4-grade WhatsApp+email sequences before launch, not after - see Follow-Up Sequence Strategy section",P1,Copywriter/Edmund,Not Started
Which Step Are You On? Diagnostic,NOT_BUILT-spl_diagnostic,Compliance/disclaimer,"PDPA consent required per spec but exact consent copy/entity name not yet drafted; no disclaimer yet for the scored Step result, which could read as a professional assessment if not framed as illustrative",2,"Must avoid repeating V2's entity-naming mistake and must frame the Step result as a directional self-assessment, not advice; the diagnostic advertises the advisory service so the CEA block obligation applies to it too","Draft PDPA consent, disclaimer, and CEA block copy now, before UI build, naming the correct legal entity consistently; do not reuse V2's flawed consent copy",P0,Compliance/PropNex Liaison,Not Started
Which Step Are You On? Diagnostic,NOT_BUILT-spl_diagnostic,Domain placement,"Correctly planned for secondpropertyladder.com per D3; domain owned, currently unused",3,None conceptually - plan matches locked domain architecture; execution pending,"Attach domain concurrent with build; implement noindex plus bridge page from day one, not as later cleanup",P1,Ops/Edmund (GHL Admin),Not Started
Missing Lead Magnets,NOT_BUILT-exit_trap_checklist,Offer clarity,"Named in 11 L1 reel scripts ('Exit-Trap Checklist' and a short free training) as the soft CTA, but neither asset exists in any form",1,"Every L1 reel currently promises a lead magnet that cannot be delivered, or silently redirects cold traffic into V2's high-commitment strategy-call offer - a cold-to-hot mismatch",Build a genuine low-commitment PDF/one-pager Exit-Trap Checklist (5-7 items drawn from Selection Research/Exit Before Entry content) as the true L1 asset,P0,Copywriter/Edmund,Not Started
Missing Lead Magnets,NOT_BUILT-exit_trap_checklist,Audience clarity,"Intended for L1 Problem-Aware, colder, broader top-of-funnel viewers not yet screened against the buyer filter, by design",3,None conceptually - this asset is meant to be broad; qualification happens downstream,Keep deliberately unqualified/broad; do not add screening questions here,P2,Copywriter/Edmund,Not Started
Missing Lead Magnets,NOT_BUILT-exit_trap_checklist,Category alignment,Reel scripts referencing this magnet are pre-SPL vocabulary (New Launch Ladder era; no Second Property Ladder or Exit Before Entry terms per the Report 3 vocabulary check),2,"If built verbatim to the old scripts, the magnet would launch already out of step with the newly locked Mechanism v1.3 vocabulary","Build the checklist using current locked vocabulary (Exit Before Entry, Selection Research) even though the reels themselves are not being rewritten yet - new assets use SPL vocabulary from day 1 per D5",P1,Copywriter/Edmund,Not Started
Missing Lead Magnets,NOT_BUILT-exit_trap_checklist,Search visibility,"None, does not exist",1,"A well-built checklist page could be a legitimate indexable, AEO-friendly asset - currently a missed opportunity, not just a funnel gap","Host the checklist opt-in on thereimethod.com (authority domain per D2) as a real content asset with its own indexable page, rather than another noindexed funnel step",P2,Ops/Edmund (GHL Admin),Not Started
Missing Lead Magnets,NOT_BUILT-exit_trap_checklist,AEO readiness,"None, does not exist",1,This is the best-suited asset in the ecosystem to be a genuinely citable indexed page (a real answer for how-to-avoid-an-exit-trap style queries),"Write it as real published content with an optional deeper-gated version, satisfying D8's answer-complete standard rather than a pure doorway gate",P2,Copywriter/Edmund,Not Started
Missing Lead Magnets,NOT_BUILT-exit_trap_checklist,Proof strength,"None built; surrounding reel scripts use the general claims bank (Tre Ver, Parc Clematis, NAV, sub-$600K HDB origin) as context only",1,None conceptually,Include one proof stat plus the 'We built it before we advised it' line on the checklist's cover or thank-you page,P2,Copywriter/Edmund,Not Started
Missing Lead Magnets,NOT_BUILT-exit_trap_checklist,CTA strength,"Reel scripts imply a soft comment-to-DM style CTA, but the exact mechanism for this specific magnet is not fully detailed",2,Soft-CTA mechanics (comment-keyword vs bio link vs direct form) not standardised for L1 specifically,Standardise on the same comment-keyword-to-DM mechanism used in L2 (LADDER/EXIT/LOOP/MATH/HERD) for consistency and a single automation build,P1,Ops/Edmund (GHL Admin),Not Started
Missing Lead Magnets,NOT_BUILT-exit_trap_checklist,Form fields,None exist,1,"None conceptually - a low-friction magnet should stay to name + email (+ optional WhatsApp), no qualification fields here","Keep to 2-3 fields max; do not ask income/capacity on this asset - that trade-off belongs to the high-intent V2/diagnostic assets, not a cold-traffic freebie",P2,Ops/Edmund (GHL Admin),Not Started
Missing Lead Magnets,NOT_BUILT-exit_trap_checklist,Qualification logic,"None needed by design - this asset sits above the diagnostic in the funnel, pre-qualification",3,"Correct-by-design absence, but must be explicitly sequenced so it does not dead-end","Route every checklist download into the diagnostic as the very next step, not directly to a booking calendar",P1,Ops/Edmund (GHL Admin),Not Started
Missing Lead Magnets,NOT_BUILT-exit_trap_checklist,CRM handoff,"None built; no tag, field, or workflow exists",1,"Without this magnet, the widest part of the funnel (L1 cold reel traffic) currently leaks entirely with no CRM capture point",Create a tag (lead-magnet-exit-trap) plus a one-step workflow that delivers the PDF and immediately invites the contact to take the diagnostic once it is built,P1,Ops/Edmund (GHL Admin),Not Started
Missing Lead Magnets,NOT_BUILT-exit_trap_checklist,Tracking,None,1,Cannot assess without the asset existing,Cover this landing page in the same Meta Pixel/GA4 build being done for V2 (do not build tracking twice),P2,Ops/Edmund (GHL Admin),Not Started
Missing Lead Magnets,NOT_BUILT-exit_trap_checklist,Retargeting,None,1,None conceptually until the asset and its tracking exist,"Once live, build a retargeting segment of checklist downloaders who have not taken the diagnostic within 7 days",P2,Ops/Edmund (GHL Admin),Not Started
Missing Lead Magnets,NOT_BUILT-exit_trap_checklist,Follow-up sequence,None,1,None conceptually until the asset exists,Light 2-3 touch nurture inviting the diagnostic; do not push straight to a booking CTA from this cold an asset,P2,Copywriter/Edmund,Not Started
Missing Lead Magnets,NOT_BUILT-exit_trap_checklist,Compliance/disclaimer,None exists; but any figures quoted from the claims bank inside the checklist would need correct [VERIFY] captioning,1,Same entity-naming and CEA-block risk applies to any new PDPA-collecting page built for this asset,"Reuse the same corrected consent/CEA-block template being fixed for V2; do not draft a third, different version",P1,Compliance/PropNex Liaison,Not Started
Missing Lead Magnets,NOT_BUILT-exit_trap_checklist,Domain placement,None exists; no domain assigned,1,None conceptually,"Host on thereimethod.com (authority domain per D2) as an indexable evergreen content asset, not on a campaign vanity domain",P1,Ops/Edmund (GHL Admin),Not Started
